Tipo via;Descrizione via;Civico;Codice via;ZD;Camere;Camere piano;Categoria;Insegna;Piani totali;Piano piano;Posti letto;Posti letto per piano;Tipo attività struture extra
ALZAIA;NAVIGLIO GRANDE;8,00;5144.0;6,00;14,00;14;4 STELLE;HOTEL MAISON BORELLA;1,00;1;25,00;25;Hotel
CORSO;BUENOS AIRES;18,00;2129.0;3,00;16,00;16;1 STELLA;hotel aurora;1,00;1;25,00;25;Hotel
CORSO;BUENOS AIRES;26,00;2129.0;3,00;25,00;25;3 STELLE;hotel buenos aires;1,00;1;39,00;39;Hotel
CORSO;BUENOS AIRES;2,00;2129.0;3,00;46,00;"15;11;8";3 STELLE;albergo fenice;4,00;"1;2;3;4";98,00;"24;19;13";Hotel
CORSO;BUENOS AIRES;33,00;2129.0;3,00;65,00;0;4 STELLE;GALAXY G SRL;1,00;1;97,00;0;Hotel
CORSO;BUENOS AIRES;3,00;2129.0;3,00;116,00;"4;23;24;24";4 STELLE;cristoforo colombo;4,00;"2;3;4;5";191,00;"5;38;40;40";Hotel
CORSO;COLOMBO CRISTOFORO;15,00;5114.0;6,00;39,00;39;3 STELLE;hotel minerva;1,00;1;60,00;60;Hotel
CORSO;COLOMBO CRISTOFORO;15,00;5114.0;6,00;44,00;0;3 STELLE;hotel minerva;1,00;1;67,00;0;Hotel
CORSO;CONCORDIA;1,00;3116.0;3,00;77,00;77;5 STELLE;Non Specificato;1,00;1;180,00;180;Hotel
CORSO;DI PORTA ROMANA;48,00;402.0;1,00;56,00;56;4 STELLE;hotel lloyd;1,00;1;100,00;100;Hotel
CORSO;DI PORTA ROMANA;64,00;402.0;1,00;72,00;72;4 STELLE;hotel romana residence;6,00;"1;2;3;4;5;6";147,00;147;Residence
CORSO;EUROPA;9,00;300.0;1,00;89,00;"12;12;12;12;12;11;5";4 STELLE;hotel galileo;7,00;"1;2;3;4;5;6;7";159,00;"22;22;22;22;22;21;6";Hotel
CORSO;GARIBALDI GIUSEPPE;68,00;1010.0;1,00;89,00;89;3 STELLE;hotel ritter;7,00;"1;2;3;4;5;6;7";172,00;172;Hotel
CORSO;GARIBALDI GIUSEPPE;84,00;1010.0;1,00;98,00;"14;14;14;14;14;14;14";4 STELLE;carlyle brera hotel;7,00;"1;2;3;4;5;6;7";203,00;"29;29;29;29;29;29;29";Hotel
CORSO;ITALIA;34,00;526.0;1,00;41,00;41;4 STELLE;residence di corso italia;1,00;1;81,00;81;Residence
CORSO;ITALIA;11,00;not specified;1,00;39,00;"8;16;17";3 STELLE;hotel zurigio;3,00;"T;1;2";70,00;"14;24;21";Hotel
CORSO;LODI;74,00;4068.0;4,00;27,00;27;1 STELLA;hotel del sud;1,00;1;46,00;46;Hotel
CORSO;MAGENTA;61,00;604.0;1,00;105,00;105;3 STELLE;palazzo delle stelline;1,00;1;167,00;167;Hotel
CORSO;MAGENTA;78,00;604.0;1,00;16,00;16;3 STELLE;antica locanda leonardo;1,00;1;35,00;35;Hotel
CORSO;MAGENTA;19,00;not specified;1,00;48,00;8;4 STELLE;hotel king;6,00;"1;2;3;4;5;6";96,00;"16;17;15";Hotel
CORSO;MATTEOTTI GIACOMO;4,00;218.0;1,00;154,00;154;1 STELLA;boscolo hotel exedra;1,00;1;308,00;308;Hotel
CORSO;SEMPIONE;69,00;7137.0;8,00;83,00;83;4 STELLE;hotel nasco;1,00;1;211,00;211;Hotel
CORSO;SEMPIONE;91,00;not specified;8,00;113,00;0;4 STELLE;enterprise hotel;1,00;1;216,00;0;Hotel
CORSO;VENTIDUE MARZO;32,00;3074.0;4,00;9,00;9;1 STELLA;hotel america;1,00;1;18,00;18;Hotel
CORSO;VENTIDUE MARZO;43,00;3074.0;4,00;9,00;0;1 STELLA;hotel el diablo;1,00;1;15,00;0;Hotel
CORSO;VERCELLI;1,00;6193.0;7,00;7,00;7;1 STELLA;hotel nicosia;1,00;1;15,00;15;Hotel
CORSO;VERCELLI;55,00;6193.0;7,00;14,00;"5;5;4";1 STELLA;ferrari;3,00;"R;1;2";25,00;"8;10;7";Hotel
CORSO;VERCELLI;61,00;6193.0;7,00;40,00;"11;11";3 STELLE;hotel metro;2,00;"1;2";64,00;"19;19";Hotel
GALLERIA;BUENOS AIRES;5,00;2146.0;3,00;60,00;"3;10;;;;4;13";4 STELLE;hotel city;7,00;"1;6;2;5;4;7;3";100,00;"3;14;;;;7;22";Non Specificato
GALLERIA;DEL CORSO;3,00;305.0;1,00;87,00;"12;16;16;14;12;10;4";4 STELLE;hotel ambasciatori;7,00;"3;4;5;6;7;8;9";150,00;"23;26;32;26;24;17;9";Hotel
LARGO;AUGUSTO;10,00;315.0;1,00;242,00;"19;36;30;34;33;27;26";4 STELLE;jolly hotel president;8,00;"1;2;3;4;5;6;7;8";530,00;"38;70;59;69;67;55;49";Hotel
LARGO;RIO DE JANEIRO;12,00;3174.0;3,00;29,00;0;4 STELLE;hotel dieci;1,00;1;41,00;0;Hotel
PIAZZALE;CORVETTO LUIGI EMANUELE;5,00;4174.0;4,00;15,00;"3;6;6";1 STELLA;hotel corvetto;3,00;"R;1;2";25,00;"4;7;7";Hotel
PIAZZALE;LOTTO LORENZO;14,00;6539.0;8,00;27,00;27;3 STELLE;HOTEL ORO BLU;1,00;1;48,00;48;Hotel
PIAZZALE;PRINCIPESSA CLOTILDE;10,00;1061.0;9,00;57,00;0;3 STELLE;hotel cervo;1,00;1;79,00;0;Hotel
PIAZZALE;TRIPOLI;3,00;6130.0;6,00;10,00;10;1 STELLA;hotel tripoli;1,00;1;20,00;20;Hotel
PIAZZA;ASPROMONTE;18,00;2246.0;3,00;10,00;10;1 STELLA;hotel tirreno;1,00;1;16,00;16;Hotel
PIAZZA;ASPROMONTE;22,00;2246.0;3,00;29,00;"5;6;6";3 STELLE;hotel florence;3,00;"1;2;3";56,00;"9;11;11";Hotel
PIAZZA;ASPROMONTE;12,00;2246.0;3,00;19,00;"4;8;7";3 STELLE;hotel aspromonte;3,00;"T;1;2";31,00;"9;12;10";Hotel
PIAZZA;BECCARIA CESARE;6,00;306.0;1,00;15,00;"7;20;10";1 STELLA;hotel nuovo;3,00;"1;2;3";33,00;"14;37;13";Hotel
PIAZZA;BUONARROTI MICHELANGELO;31,00;6252.0;7,00;23,00;23;2 STELLE;residence le corti;1,00;1;24,00;24;Residence
PIAZZA;CINQUE GIORNATE;6,00;3053.0;1,00;22,00;22;2 STELLE;hotel cinque giornate;1,00;1;48,00;48;Hotel
PIAZZA;DEL DUOMO;25,00;1.0;1,00;161,00;"29;30;50;38;22;2";4 STELLE;grand hotel duomo;7,00;"1;2;3;4;5;A";244,00;"42;46;62;60;31;3";Hotel
PIAZZA;DELLA REPUBBLICA;13,00;1055.0;2,00;99,00;"6;6;6;6;6;6;6;6;6;6";I;duca di milano;10,00;"1;2;3;4;5;6;7;8;9;0";189,00;"11;11;11;11;11;11;11;11;11;11";Hotel
PIAZZA;DELLA REPUBBLICA;17,00;1055.0;2,00;302,00;412;5 STELLE;HOTEL PRINCIPE DI SAVOIA;1,00;1;725,00;812;Hotel
PIAZZA;DELLA REPUBBLICA;17,00;1055.0;2,00;313,00;"48;50;41;41;41;43;10;10;10";I;hotel principe di savoia;9,00;"1;2;3;4;5;6;7;8;9";623,00;"76;81;71;71;85;70;18;18;18";Hotel
PIAZZA;DELLA REPUBBLICA;20,00;1055.0;2,00;228,00;"6;28;29;26;24;13";I;the westin palace;10,00;"A;1;2;3;4;5;6;7;8;9";441,00;"11;48;43;37;22;20";Hotel
PIAZZA;DUCA D'AOSTA;16,00;1200.0;2,00;63,00;9;3 STELLE;mini hotel aosta;7,00;"1;2;3;4;5;6;7";110,00;"15;16";Hotel
PIAZZA;DUCA D'AOSTA;9,00;1200.0;2,00;243,00;"45;42;43;43;43;47";1 STELLA;hotel execelsior gallia;8,00;"1;2;3;4;5;6";448,00;"79;71;73;74;69;67";Hotel
PIAZZA;FONTANA;3,00;308.0;1,00;327,00;"45;43;45;41;6;1";4 STELLE;starhotels rosa grand;6,00;"1;2;3;4;5;6";650,00;"78;76;74;64;10;1";Hotel
PIAZZA;GERUSALEMME;12,00;7201.0;8,00;15,00;0;4 STELLE;town house 12;1,00;1;23,00;0;Hotel
PIAZZA;GERUSALEMME;6,00;7201.0;8,00;119,00;"15;15;15;15;16;10";4 STELLE;hotel mozart;6,00;"1;2;3;4;5;6";208,00;"26;26;26;26;26;12";Hotel
PIAZZA;LEONARDO DA VINCI;10,00;2208.0;3,00;13,00;0;1 STELLA;leonardo da vinci;1,00;1;20,00;0;Hotel
PIAZZA;LIMA;2,00;2135.0;3,00;198,00;198;4 STELLE;hotel galles;1,00;1;395,00;395;Hotel
PIAZZA;LUIGI DI SAVOIA;20,00;2260.0;2,00;106,00;"13;14";4 STELLE;starhotels anderson;8,00;"1;2;3;4;5;6;7;8";212,00;"16;17";Hotel
PIAZZA;MISSORI GIUSEPPE;1,00;525.0;1,00;167,00;167;4 STELLE;hotel dei cavalieri;9,00;"1;2;3;4;5;6;7;8;9";305,00;305;Hotel
PIAZZA;OBERDAN GUGLIELMO;12,00;2108.0;3,00;30,00;0;3 STELLE;hotel mercure milano centro porta venezi;1,00;1;57,00;0;Hotel
PIAZZA;SANTA MARIA BELTRADE;4,00;514.0;1,00;48,00;48;3 STELLE;hotel gritti;1,00;1;78,00;78;Hotel
PIAZZA;SANTA MARIA DEL SUFFRAGIO;3,00;3078.0;4,00;15,00;0;2 STELLE;xxii marzo;1,00;1;25,00;0;Hotel
PIAZZA;SANT' EUSTORGIO;2,00;5186.0;1,00;22,00;22;3 STELLE;Non Specificato;1,00;1;38,00;38;Hotel
VIA;AIRAGHI GAETANO;125,00;6330.0;7,00;234,00;0;4 STELLE;idea hotel milano san siro;1,00;1;432,00;0;Hotel
VIA;AJRAGHI CESARE;30,00;7276.0;8,00;17,00;0;2 STELLE;residence 2gi;1,00;1;22,00;0;Residence
VIA;ALBRICCI ALBERICO;4,00;337.0;1,00;73,00;"11;11;12;11;6;6;5;7;4";4 STELLE;residence missori;9,00;"3;4;5;6;7;8;2;9;0";158,00;"24;24;24;22;14;16;12;14;8";Residence
VIA;ANTONIO DA RECANATE;2,00;2215.0;2,00;10,00;10;1 STELLA;KLICK HOTEL;1,00;1;16,00;16;Hotel
VIA;AOSTA;2,00;7227.0;8,00;15,00;15;1 STELLA;hotel principe eugenio;1,00;1;24,00;24;Hotel
VIA;AOSTA;2,00;7227.0;8,00;15,00;15;3 STELLE;hotel bogart 2;1,00;1;25,00;25;Hotel
VIA;ARCHIMEDE;121,00;3086.0;4,00;7,00;"1;3;3";1 STELLA;pensione lanterna;3,00;"T;1;2";16,00;"2;7;7";Hotel
VIA;ARCHIMEDE;79,00;3086.0;4,00;14,00;14;2 STELLE;HOTEL CASTELLETTO;1,00;1;22,00;22;Hotel
VIA;ARIMONDI GIUSEPPE;12,00;7179.0;8,00;71,00;"12;12;11;12;12";4 STELLE;hotel regency;5,00;"4;5;3;1;2";125,00;"18;18;18;18;18";Hotel
VIA;ARIOSTO LODOVICO;22,00;6184.0;1,00;48,00;"1;14;14;12;12";3 STELLE;hotel ariosto;5,00;"R;1;2;3;4";96,00;"1;21;21;19;18";Hotel
VIA;ASTOLFO;5,00;2566.0;3,00;23,00;"4;5";3 STELLE;hotel vienna;5,00;"1;2;3;4;5";35,00;"5;4";Hotel
VIA;ASTOLFO;6,00;2566.0;3,00;21,00;"5;6;6;6";3 STELLE;hotel lugano;4,00;"R;1;2;3";31,00;"8;9;9;9";Hotel
VIA;BAMBAIA;4,00;2278.0;2,00;14,00;"9;6";2 STELLE;loreto;2,00;"1;2";25,00;"16;8";Hotel
VIA;BARACCHINI FLAVIO;12,00;356.0;1,00;177,00;0;4 STELLE;hotel brunelleschi;1,00;1;259,00;0;Hotel
VIA;BARTOLOZZI FRANCESCO;9,00;3267.0;4,00;7,00;7;1 STELLA;hotel rossovino;1,00;1;12,00;12;Hotel
VIA;BASSI UGO;1,00;1143.0;9,00;134,00;"35;26;30;30;19";4 STELLE;holiday inn milan garibaldi station;5,00;"1;2;3;4;5";272,00;"60;48;53;50;26";Hotel
VIA;BENEFATTORI DELL'OSPEDALE;24,00;1522.0;9,00;10,00;"3;4";1 STELLA;albergo sicilia;2,00;"1;2";19,00;"5;6";Hotel
VIA;BORGONUOVO;1,00;139.0;1,00;16,00;"4;4;4;3";4 STELLE;residence borgonuovo;4,00;"1;2;3;4";32,00;"7;7;7;8";Residence
VIA;BORROMEI;4,00;632.0;1,00;28,00;"16;10";3 STELLE;vecchia milano;2,00;"1;2";43,00;"23;17";Hotel
VIA;BOSCOVICH RUGGERO;21,00;2131.0;2,00;35,00;"5;10;10;10";3 STELLE;hotel bolzano;4,00;"T;1;2;3";68,00;"7;16;16;18";Hotel
VIA;BOSCOVICH RUGGERO;43,00;2131.0;3,00;14,00;14;3 STELLE;hotel bagliori;1,00;1;19,00;19;Hotel
VIA;BOSCOVICH RUGGERO;59,00;2131.0;3,00;51,00;51;3 STELLE;hotel serena;1,00;1;108,00;108;Hotel
VIA;BREMBO;27,00;4219.0;5,00;55,00;55;2 STELLE;Non Specificato;1,00;1;99,00;99;Residence
VIA;BRIVIO CESARE;33,00;1502.0;9,00;12,00;0;2 STELLE;HOTEL BRIVIO;1,00;1;21,00;0;Hotel
VIA;BROGLIO EMILIO;28,00;1246.0;9,00;7,00;7;2 STELLE;HOTEL BOVISA;1,00;1;9,00;9;Hotel
VIA;BROLETTO;46,00;720.0;1,00;54,00;"13;10;10;10;8";3 STELLE;hotel centro;5,00;"1;2;3;4;5";94,00;"24;18;18;18;10";Hotel
VIA;BUONARROTI MICHELANGELO;13,00;6253.0;7,00;49,00;"5;10;9;5;5;5;5;5";4 STELLE;hotel wagner;8,00;"1;2;3;4;5;6;7;8";93,00;"9;20;19;9;9;9;9;9";Hotel
VIA;BUTTI ENRICO;9,00;1292.0;9,00;110,00;0;4 STELLE;hotel milton milano;1,00;1;308,00;0;Hotel
VIA;CACCIANINO ANTONIO;10,00;2419.0;3,00;8,00;8;1 STELLA;hotel ambra;1,00;1;18,00;18;Hotel
VIA;CADIBONA;2,00;3339.0;4,00;30,00;0;3 STELLE;hotel molise2;1,00;1;42,00;0;Hotel
VIA;CALVI PIETRO;32,00;3083.0;4,00;40,00;0;4 STELLE;hotel vittoria;1,00;1;58,00;0;Hotel
VIA;CANONICA LUIGI;38,00;7121.0;1,00;45,00;"9;9;9;9;9";3 STELLE;hotel europeo;5,00;"1;2;3;4;5";70,00;"21;21;21;21;21";Hotel
VIA;CANONICA LUIGI;79,00;7121.0;8,00;12,00;12;1 STELLA;pensione aris;1,00;1;17,00;17;Hotel
VIA;CAPPELLINI ALFREDO;18,00;2130.0;2,00;81,00;"16;16;17;17;15";3 STELLE;hotel delle nazioni;5,00;"1;2;3;4;5";163,00;"25;25;27;26;21";Hotel
VIA;CARCANO FILIPPO;37,00;6389.0;7,00;12,00;12;1 STELLA;hotel   leonardo;1,00;1;22,00;22;Hotel
VIA;CARCANO FILIPPO;39,00;6389.0;7,00;11,00;11;1 STELLA;hotel amendola fiera;1,00;1;23,00;23;Hotel
VIA;CARCANO FILIPPO;47,00;6389.0;7,00;8,00;"4;4";1 STELLA;gianni;2,00;"R;1";10,00;"5;5";Hotel
VIA;CARDANO GEROLAMO;1,00;1187.0;9,00;254,00;0;4 STELLE;hotel four points sheraton milan centre;1,00;1;465,00;0;Hotel
VIA;CASATI FELICE;18,00;2122.0;3,00;99,00;"16;16;16";4 STELLE;albergo felice casati;3,00;"1;2;3";145,00;"22;22;22";Hotel
VIA;CASELLA GIOVANNI BATTISTA;61,00;7382.0;8,00;86,00;"10;10;10;10;10";4 STELLE;hotel mirage;5,00;"1;2;3;4;5";132,00;"16;16;16;16;16";Hotel
VIA;CASTALDI PANFILO;16,00;2119.0;3,00;25,00;"0;0";3 STELLE;hotel brianza;2,00;";";36,00;"0;0";Hotel
VIA;CASTALDI PANFILO;17,00;2119.0;3,00;15,00;15;2 STELLE;hotel siena;1,00;1;25,00;25;Hotel
VIA;CASTALDI PANFILO;26,00;2119.0;3,00;12,00;12;1 STELLA;hotel porta venezia;1,00;1;20,00;20;Hotel
VIA;CASTALDI PANFILO;7,00;2119.0;2,00;52,00;13;4 STELLE;hotel baviera;4,00;"1;2;3;4";92,00;"19;18";Non Specificato
VIA;CASTELFIDARDO;2,00;1043.0;1,00;11,00;11;2 STELLE;antica locanda solferino;1,00;1;21,00;21;Hotel
VIA;CATALANI ALFREDO;69,00;2425.0;3,00;20,00;"3;4;4;4;4;1";1 STELLA;albergo la pace;6,00;"1;2;3;4;5;6";33,00;"6;0;0;0;0;2";Hotel
VIA;CATALANI ALFREDO;71,00;2425.0;3,00;20,00;"4;6;6;1";2 STELLE;hotel catalani e madrid;4,00;"R;1;2;3";38,00;"8;13;13;1";Hotel
VIA;CERVA;16,00;314.0;1,00;7,00;7;3 STELLE;residence cerva;1,00;1;7,00;7;Residence
VIA;CESARI ANTONIO;19,00;1603.0;9,00;89,00;"18;16;13;3";4 STELLE;residence siloe;7,00;"1;2;3;4;5;6;7";199,00;"37;27;29;9";Residence
VIA;CESENA;20,00;7226.0;8,00;35,00;35;3 STELLE;hotel corallo;1,00;1;48,00;48;Hotel
VIA;CIMAROSA DOMENICO;19,00;6291.0;7,00;23,00;23;3 STELLE;residence cimarosa;1,00;1;27,00;27;Residence
VIA;CIMAROSA DOMENICO;6,00;6291.0;7,00;66,00;66;4 STELLE;hotel capitol millennium;1,00;1;111,00;111;Hotel
VIA;COLA MONTANO;29,00;1139.0;9,00;21,00;0;2 STELLE;r.t.a. cola montano;1,00;1;21,00;0;Residence
VIA;COLOMBO GIUSEPPE;14,00;3201.0;3,00;10,00;0;3 STELLE;sunset city;1,00;1;17,00;0;Hotel
VIA;COLONNA VITTORIA;48,00;6284.0;7,00;13,00;"1;6;6";3 STELLE;residence colonna;3,00;"R;2;3";26,00;"2;12;12";Residence
VIA;CONCA DEL NAVIGLIO;20,00;5180.0;1,00;105,00;0;3 STELLE;idea hotel milano corso genova;1,00;1;199,00;0;Hotel
VIA;COPERNICO NICOLO';18,00;1204.0;2,00;53,00;"4;12;3";3 STELLE;hotel club;6,00;"T;1;2;3;4;5";73,00;"5;16";Hotel
VIA;CORNALIA EMILIO;7,00;1182.0;9,00;26,00;"3;9";2 STELLE;class;3,00;"1;2;3";52,00;"6;18";Residence
VIA;CORRENTI CESARE;13,00;555.0;1,00;43,00;43;4 STELLE;hotel regina;1,00;1;59,00;59;Hotel
VIA;CORTINA D'AMPEZZO;17,00;4259.0;5,00;13,00;0;2 STELLE;hotel alessander;1,00;1;23,00;0;Hotel
VIA;CUSANI;13,00;719.0;1,00;92,00;0;4 STELLE;hotel bonaparte;1,00;1;234,00;0;Hotel
VIA;CUSTODI PIETRO;2,00;5199.0;5,00;31,00;31;1 STELLA;"hotel ""la vignetta""";1,00;1;56,00;56;Hotel
VIA;DAL POZZO TOSCANELLI PAOLO;4,00;2516.0;2,00;16,00;"6;6;4";1 STELLA;trento;3,00;"1;2;3";23,00;"8;9;6";Hotel
VIA;DANDOLO ENRICO;2,00;3028.0;1,00;24,00;24;3 STELLE;albergo pavone;1,00;1;50,00;50;Hotel
VIA;DE ALBERTIS SEBASTIANO;7,00;3138.0;3,00;11,00;0;2 STELLE;hotel de albertis;1,00;1;18,00;0;Hotel
VIA;DE CRISTOFORIS CARLO;6,00;1120.0;9,00;125,00;"7;19;76;8";4 STELLE;residence atahotel the big;10,00;"1;2;3;4;5;6;7;8;9;0";245,00;"16;36";Residence
VIA;DEI BOSSI;5,00;115.0;1,00;30,00;"9;9;7;5";3 STELLE;hotel star;4,00;"1;2;3;4";48,00;"14;14;13;7";Hotel
VIA;DEI FONTANILI;26,00;4224.0;5,00;57,00;57;4 STELLE;mihotel;1,00;1;75,00;75;Hotel
VIA;DEI MISSAGLIA;14,00;5340.0;5,00;19,00;19;3 STELLE;hotel giardino;1,00;1;24,00;24;Hotel
VIA;DELLA GIUSTIZIA;10,00;1410.0;2,00;145,00;0;4 STELLE;idea hotel milano bicocca;1,00;1;290,00;0;Hotel
VIA;DELLE FORZE ARMATE;8,00;6643.0;7,00;12,00;0;1 STELLA;hotel edy;1,00;1;25,00;0;Hotel
VIA;DELL' ORSO;7,00;123.0;1,00;62,00;62;4 STELLE;hotel milano scala;1,00;1;115,00;115;Hotel
VIA;DEL MARE;93,00;5318.0;5,00;87,00;0;3 STELLE;hotel alga;1,00;1;159,00;0;Hotel
VIA;DESENZANO;12,00;6610.0;7,00;60,00;"12;9;6";3 STELLE;residence desenzano;6,00;"R;1;2;3;4;S";115,00;"20;24;23;12";Residence
VIA;DI TOCQUEVILLE ALESSIO;7,00;1703.0;9,00;109,00;0;4 STELLE;una hotel tocq;1,00;1;272,00;0;Hotel
VIA;DOMENICHINO;41,00;6383.0;7,00;64,00;"21;11;10;8";3 STELLE;hotel domenichino;5,00;"1;2;3;4;5;6";110,00;"29;16;15;12";Hotel
VIA;DOMODOSSOLA;16,00;7152.0;8,00;60,00;"10;10;10;10;10;10";4 STELLE;hotel admiral;6,00;"1;2;3;4;5;6";102,00;"17;17;17;17;17;17";Hotel
VIA;DONATELLO;10,00;2214.0;3,00;10,00;"4;6";4 STELLE;residence donatello;2,00;"T;1";20,00;"12;16";Residence
VIA;EDOLO;18,00;1217.0;2,00;17,00;17;1 STELLA;BIO CITY HOTEL;1,00;1;32,00;32;Hotel
VIA;FARINI CARLO;1,00;not specified;8,00;31,00;"7;8;8;8";3 STELLE;hotel san guido;4,00;"1;2;3;4";47,00;"11;12;12;12";Hotel
VIA;FATEBENEFRATELLI;21,00;144.0;1,00;121,00;"35;0;21;15";4 STELLE;hotel cavour;5,00;"1;2;3;4;5";224,00;"55;0;39;38;36;24";Hotel
VIA;FAUCHE' GIOVANNI BATTISTA;15,00;7192.0;8,00;153,00;0;4 STELLE;una hotel scandinavia;1,00;1;292,00;0;Hotel
VIA;FELTRE;19,00;2652.0;3,00;38,00;38;4 STELLE;Non Specificato;1,00;1;70,00;70;Hotel
VIA;FERRUCCI FRANCESCO;10,00;7150.0;8,00;71,00;"11;12;12;12;12;8;8;7";3 STELLE;hotel scala nord;8,00;"R;1;2;3;4;5;6;7";95,00;"16;17;17;17;17;10;10;10";Hotel
VIA;FILZI FABIO;3,00;1190.0;2,00;67,00;"5;29;10;10;10;4";4 STELLE;hotel marconi;6,00;"T;1;2;3;4;5";98,00;"6;42;15;15;15;4";Hotel
VIA;FILZI FABIO;43,00;1190.0;2,00;71,00;"7;13;13;13;13;13;11";3 STELLE;nuovo monopole;7,00;"1;2;3;4;5;6;7";125,00;"11;17;17;17;17;17;16";Hotel
VIA;FILZI FABIO;25,00;1190.0;2,00;144,00;"4;9;9;9;9;9;9;9;9;9";4 STELLE;una hotel century;17,00;"1;2;3;4;5;6;7;8;9;0";288,00;"10;23;23;23;23;23;23;23;23;23";Hotel
VIA;FINOCCHIARO APRILE;11,00;2120.0;2,00;49,00;"13;13;13";3 STELLE;albergo sempione;3,00;"1;2;3";101,00;"19;19;19";Hotel
VIA;FINOCCHIARO APRILE;2,00;2120.0;2,00;439,00;0;3 STELLE;hotel ibis milano centro;1,00;1;636,00;0;Hotel
VIA;FLUMENDOSA;35,00;2522.0;2,00;43,00;"7;9";3 STELLE;hotel agape;5,00;"T;1;2;3;4";75,00;"13;16";Hotel
VIA;FRA' GALGARIO;4,00;6607.0;7,00;10,00;10;1 STELLA;hotel emmy;1,00;1;20,00;20;Hotel
VIA;FRA' GALGARIO;4,00;6607.0;7,00;12,00;0;1 STELLA;hotel gambara;1,00;1;24,00;0;Hotel
VIA;FRASSINETTI ROMEO;2,00;6563.0;7,00;25,00;0;4 STELLE;residence osoppo;1,00;1;77,00;0;Residence
VIA;FUMAGALLI ANGELO CARLO;4,00;5149.0;6,00;103,00;"24;16;15";4 STELLE;art hotel navigli;5,00;"1;2;3;4;5";205,00;"48;31;30";Hotel
VIA;GAFFURIO FRANCHINO;1,00;2138.0;3,00;19,00;19;1 STELLA;calipso;1,00;1;32,00;32;Hotel
VIA;GAGGIA PIETRO;3,00;4187.0;4,00;259,00;259;4 STELLE;starhotels business palace;1,00;1;468,00;468;Hotel
VIA;GALILEI GALILEO;2,00;1102.0;2,00;103,00;"18;18;18;18;18;27;17";4 STELLE;hotel windsor;7,00;"1;2;3;4;5;8;7";196,00;"27;27;27;27;27;18;27";Hotel
VIA;GALLARATE;2,00;7420.0;8,00;17,00;0;2 STELLE;hotel bel sit;1,00;1;25,00;0;Hotel
VIA;GALLINA GIACINTO;12,00;3105.0;3,00;54,00;54;4 STELLE;zefiro;5,00;"1;2;3;4;5";92,00;92;Hotel
VIA;GALLI RICCARDO;8,00;6405.0;8,00;27,00;"7;;6;";3 STELLE;HOTEL LIDO;4,00;"R;1;M;2";36,00;"10;;6;";Hotel
VIA;GALVANI LUIGI;12,00;1179.0;2,00;320,00;"46;67;68;47;51;23;20;10";4 STELLE;hilton milan;8,00;"2;3;4;5;6;7;8;9";469,00;"61;88;87;63;66;44;35;17";Hotel
VIA;GASPAROTTO LEOPOLDO;8,00;1205.0;2,00;97,00;"25;28;9;10;0;26";4 STELLE;hotel madison;6,00;"2;1;R;4;;3";150,00;"34;38;25;20;0;33";Hotel
VIA;GESU';10,00;227.0;1,00;118,00;"18;35;34;11";5 STELLE;four season hotel milan;4,00;"T;1;2;3";240,00;"36;70;68;22";Hotel
VIA;GHIBERTI LORENZO;1,00;6542.0;7,00;16,00;16;3 STELLE;residence portello;1,00;1;32,00;32;Residence
VIA;GIAMBELLINO;9,00;5136.0;6,00;9,00;9;2 STELLE;residence giambellino di laura fiamberti;1,00;1;18,00;18;Residence
VIA;GIOIA MELCHIORRE;6,00;1108.0;9,00;99,00;0;4 STELLE;grand hotel verdi;1,00;1;198,00;0;Hotel
VIA;GIOIA MELCHIORRE;73,00;1108.0;2,00;109,00;0;4 STELLE;crowne plaza milan city;1,00;1;218,00;0;Hotel
VIA;GIULINI GIORGIO;6,00;613.0;1,00;10,00;0;4 STELLE;camperio house hotel  E  residence;1,00;1;20,00;0;Residence
VIA;GIUSTI GIUSEPPE;6,00;7127.0;1,00;72,00;"6;20;20;22;22;18;18;6";3 STELLE;giusti 6;7,00;"R;1;2;3;4;5;6;7";169,00;"13;48;48;54;54;48;48;6";Residence
VIA;GOLDONI CARLO;31,00;3183.0;6,00;18,00;0;4 STELLE;hotel town house 31;1,00;1;32,00;0;Hotel
VIA;GOLDONI CARLO;31,00;3183.0;6,00;18,00;"3;6;6;3";1 STELLA;jolie;4,00;"T;1;2;3";28,00;"4;9;9;6";Hotel
VIA;GOLDONI CARLO;84,00;3183.0;6,00;14,00;0;3 STELLE;royal;1,00;1;25,00;0;Hotel
VIA;GOLDONI CARLO;84,00;3183.0;3,00;10,00;10;2 STELLE;hotel marlene;1,00;1;17,00;17;Hotel
VIA;GROSSI TOMMASO;1,00;105.0;1,00;106,00;0;5 STELLE;park hyatt milano;1,00;1;212,00;0;Hotel
VIA;HAJECH CAMILLO;18,00;3091.0;4,00;11,00;0;2 STELLE;la caravella;1,00;1;16,00;0;Non Specificato
VIA;HOEPLI ULRICO;6,00;190.0;1,00;109,00;109;4 STELLE;hotel de la ville;1,00;1;208,00;208;Hotel
VIA;INGEGNOLI FRANCESCO;20,00;2559.0;3,00;16,00;0;1 STELLA;hotel adelchi lambrate;1,00;1;25,00;0;Hotel
VIA;IPPODROMO;8,00;6492.0;8,00;116,00;116;2 STELLE;Non Specificato;1,00;1;232,00;232;Residence
VIA;JACOPO DELLA QUERCIA;6,00;6541.0;7,00;14,00;"3;3;3;1";2 STELLE;le quercie;4,00;"R;1;2;M";24,00;"4;5;4;3";Hotel
VIA;JOMMELLI NICCOLO';49,00;2426.0;3,00;10,00;10;1 STELLA;hotel venezia;1,00;1;17,00;17;Hotel
VIA;LAMBRATE;9,00;2421.0;3,00;67,00;"3;2;8;9;9;9;7;6;10;4";3 STELLE;pian della nave;9,00;"T;R;1;2;3;4;5;6;7;8";200,00;"8;6;24;27;27;27;21;18;30;12";Residence
VIA;LAMPEDUSA;11,00;5329.0;5,00;328,00;328;4 STELLE;atahotel quark;1,00;1;736,00;736;Hotel
VIA;LAMPEDUSA;11,00;not specified;5,00;106,00;"17;4";4 STELLE;quark due;7,00;"1;2;3;4;5;6;7";229,00;"36;13";Residence
VIA;LARIO;40,00;1171.0;9,00;7,00;0;1 STELLA;albergo lario;1,00;1;17,00;0;Hotel
VIA;LAZZARETTO;10,00;2112.0;3,00;11,00;11;1 STELLA;merano;1,00;1;25,00;25;Hotel
VIA;LAZZARETTO;17,00;2112.0;2,00;9,00;9;1 STELLA;pensione eva;2,00;"1;2";20,00;20;Hotel
VIA;LAZZARETTO;17,00;2112.0;2,00;10,00;9;1 STELLA;arno;1,00;4;16,00;14;Hotel
VIA;LAZZARETTO;5,00;2112.0;2,00;103,00;0;4 STELLE;nh machiavelli;1,00;1;203,00;0;Hotel
VIA;LENTASIO;3,00;410.0;1,00;64,00;"18;18;14;10;3";4 STELLE;ascot;5,00;"1;2;3;4;5";99,00;"24;24;22;17;6";Hotel
VIA;LEPETIT ROBERTO;15,00;2096.0;2,00;48,00;"3;9;9;9;9;9";4 STELLE;colombia;6,00;"R;1;2;3;4;5";81,00;"4;16;16;16;15;14";Hotel
VIA;LEPETIT ROBERTO;33,00;2096.0;2,00;57,00;"12;12;11;10;8";3 STELLE;florida;5,00;"1;2;3;4;5";98,00;"20;20;20;18;16";Hotel
VIA;LEPETIT ROBERTO;7,00;2096.0;2,00;25,00;"6;7;7;5";1 STELLA;boston;4,00;"1;2;3;4";41,00;"9;10;11;5";Hotel
VIA;LEPONTINA;8,00;1147.0;9,00;60,00;"25;20;15";3 STELLE;mirage tre;3,00;"1;2;3";82,00;"36;31;15";Residence
VIA;LIPPI FILIPPINO;28,00;2196.0;3,00;22,00;22;2 STELLE;hotel gran sasso;1,00;1;39,00;39;Hotel
VIA;LIPPI FILIPPINO;43,00;2196.0;3,00;7,00;"2;3;2";1 STELLA;ischia;3,00;"1;2;3";12,00;"4;5;3";Hotel
VIA;LIPPI FILIPPINO;50,00;2196.0;3,00;10,00;"2;3";2 STELLE;hotel trentina;3,00;"T;1;2";20,00;"4;2";Hotel
VIA;LODOVICO IL MORO;117,00;5290.0;6,00;51,00;0;4 STELLE;hotel cà bianca corte del naviglio;1,00;1;102,00;0;Hotel
VIA;LOMBARDI RICCARDO;11,00;6893.0;7,00;75,00;0;4 STELLE;hotel silver;1,00;1;150,00;0;Hotel
VIA;LUDOVICO DI BREME;77,00;7396.0;8,00;240,00;0;4 STELLE;double tree by hilton milan;1,00;1;480,00;0;Hotel
VIA;LULLI GIOVANNI;11,00;2253.0;3,00;22,00;22;1 STELLA;hotel loris;1,00;1;25,00;25;Hotel
VIA;LULLI GIOVANNI;18,00;2253.0;3,00;9,00;0;1 STELLA;hotel new milano;3,00;"1;2;3";16,00;0;Hotel
VIA;LULLI GIOVANNI;22,00;2253.0;3,00;11,00;"0;0";2 STELLE;astrid;2,00;";";23,00;"0;0";Hotel
VIA;LULLI GIOVANNI;4,00;2253.0;3,00;9,00;9;1 STELLA;hotel viola;1,00;1;14,00;14;Hotel
VIA;MACCHI MAURO;1,00;2133.0;2,00;52,00;"13;13;13;13";4 STELLE;hotel mediolanum;4,00;"1;2;3;4";93,00;"25;25;25;23";Hotel
VIA;MACCHI MAURO;49,00;2133.0;2,00;22,00;"2;4;4;4;4;4";4 STELLE;r.t.a. le gare;6,00;"T;1;2;3;4;5";67,00;"7;12;12;12;12;12";Hotel
VIA;MACCHI MAURO;79,00;2133.0;2,00;31,00;31;4 STELLE;residenza delle citta;1,00;1;93,00;93;Residence
VIA;MAC MAHON;45,00;7221.0;8,00;24,00;24;2 STELLE;hotel mac mahon;1,00;1;44,00;44;Hotel
VIA;MANIN DANIELE;7,00;1052.0;1,00;119,00;"16;17;17;17;18;16;18";4 STELLE;hotel manin;7,00;"1;2;3;4;5;6;7";183,00;"23;26;25;25;26;28;30";Hotel
VIA;MANZONI ALESSANDRO;29,00;230.0;1,00;102,00;"20;22;26;12";5 STELLE LUSSO;grand hotel et de milan;5,00;"1;2;3;4;5";158,00;"31;33;32;38;24";Hotel
VIA;MANZONI ALESSANDRO;31,00;230.0;1,00;95,00;95;5 STELLE LUSSO;ARMANI HOTEL MILANO;1,00;1;190,00;190;Hotel
VIA;MARCELLO BENEDETTO;47,00;2128.0;3,00;10,00;0;2 STELLE;hotel due giardini;1,00;1;21,00;0;Hotel
VIA;MARCELLO BENEDETTO;59,00;2128.0;3,00;16,00;"1;6;6;5";2 STELLE;hotel rallye;4,00;"T;1;2;3";25,00;"2;9;9;5";Hotel
VIA;MARCELLO BENEDETTO;83,00;2128.0;3,00;28,00;"3;8;8";2 STELLE;hotel the best;3,00;"T;1;2";56,00;"6;10;9";Hotel
VIA;MARCO D'AGRATE;35,00;4276.0;5,00;52,00;"4;8;8;8;8;8;8";3 STELLE;hotel rex;7,00;"R;1;2;3;4;5;6";104,00;"8;16;16;16;16;16;16";Hotel
VIA;MARCO POLO;13,00;1103.0;9,00;27,00;0;2 STELLE;hotel trieste;1,00;1;62,00;0;Hotel
VIA;MARGHERA;14,00;6280.0;7,00;20,00;20;2 STELLE;pensione fiorella;1,00;1;35,00;35;Hotel
VIA;MARGHERA;2,00;6280.0;7,00;50,00;"16;6;12";3 STELLE;hotel nuovo marghera;4,00;"1;3;2";76,00;"29;12;22";Hotel
VIA;MASACCIO;19,00;6420.0;8,00;288,00;0;5 STELLE;melia  milano;1,00;1;487,00;0;Hotel
VIA;MAZZINI GIUSEPPE;10,00;516.0;1,00;14,00;14;3 STELLE;HOTEL LA MADONNINA;1,00;1;25,00;25;Hotel
VIA;MAZZINI GIUSEPPE;4,00;516.0;1,00;38,00;38;4 STELLE;hotel sir edward;1,00;1;70,00;70;Hotel
VIA;MAZZINI GIUSEPPE;8,00;516.0;1,00;42,00;"8;7;7;7;7;7";3 STELLE;rio;6,00;"1;2;3;4;5;6";61,00;"10;11;11;11;11;7";Hotel
VIA;MECENATE;121,00;3323.0;4,00;208,00;208;4 STELLE;novotel milano linate aeroporto;1,00;1;416,00;416;Hotel
VIA;MELLONI MACEDONIO;17,00;3085.0;4,00;16,00;16;3 STELLE;residencemignoncase tre;1,00;1;26,00;26;Residence
VIA;MERCATO;1,00;717.0;1,00;14,00;"5;7";1 STELLA;STYLE HOTEL;2,00;"1;2";25,00;"8;12";Hotel
VIA;MESSINA;10,00;7211.0;8,00;131,00;0;4 STELLE;hotel hermitage;1,00;1;262,00;0;Hotel
VIA;MODENA GUSTAVO;20,00;3122.0;3,00;17,00;0;1 STELLA;brasil;1,00;1;25,00;0;Hotel
VIA;MODENA GUSTAVO;4,00;3122.0;3,00;37,00;"1;7;7;7;7;4;4";4 STELLE;residence international;7,00;"T;1;2;3;4;5;6";59,00;"1;11;11;11;11;7;7";Residence
VIA;MOLINO DELLE ARMI;1,00;591.0;1,00;17,00;0;4 STELLE;petit palais;1,00;1;23,00;0;Residence
VIA;MONETA;1,00;570.0;1,00;33,00;33;3 STELLE;gran duca di york;1,00;1;60,00;60;Hotel
VIA;MONTE ROSA;90,00;6388.0;8,00;44,00;"10;17";4 STELLE;montebianco;3,00;"T;1;2";79,00;"16;25";Hotel
VIA;MONTESSORI MARIA;14,00;3361.0;4,00;56,00;"10;9;9;9;9;9";4 STELLE;residence futura;6,00;"1;2;3;4;5;6";133,00;"24;22;22;21;21;20";Residence
VIA;MORIGI;2,00;633.0;1,00;32,00;"7;7;6;6;6;6";4 STELLE;hotel mentana;6,00;"1;2;3;4;5;6";48,00;"10;10;10;9;9;9";Hotel
VIA;MURAT GIOACCHINO;21,00;1316.0;9,00;133,00;";;;;";4 STELLE;contessa jolanda- attività promiscua 133 appartamenti (266 posti letto) e 9 camere albergo per 18 posti letto per un totale di 284 posti letto;8,00;"4;5;3;7;2";266,00;";;;;";Residence
VIA;MURATORI LODOVICO;14,00;4076.0;4,00;93,00;0;4 STELLE;una hotel mediterraneo;1,00;1;206,00;0;Hotel
VIA;MURATORI LODOVICO;5,00;4076.0;4,00;24,00;"7;7;7;3";3 STELLE;residence l m5;4,00;"1;2;3;4";48,00;"14;14;14;6";Residence
VIA;NICOTERA GIOVANNI;9,00;1508.0;9,00;41,00;41;4 STELLE;acca palace;1,00;1;82,00;82;Residence
VIA;NOVARA;371,00;6624.0;7,00;18,00;0;2 STELLE;hotel san siro fiera;1,00;1;33,00;0;Hotel
VIA;OLGETTINA;60,00;2530.0;3,00;216,00;216;3 STELLE;hotel rafael;1,00;1;439,00;439;albergo
VIA;ORNATO LUIGI;64,00;1591.0;9,00;144,00;"93;51";3 STELLE;centro alberghiero ornato;2,00;"1;2";252,00;"141;80";Hotel
VIA;ORSEOLO PIETRO;1,00;5113.0;6,00;59,00;59;4 STELLE;Non Specificato;1,00;1;101,00;101;Hotel
VIA;ORSEOLO PIETRO;1,00;5113.0;6,00;59,00;59;4 STELLE;MERCURE HOTEL;1,00;1;101,00;101;Non Specificato
VIA;OSIMO AUGUSTO;10,00;4303.0;4,00;64,00;0;4 STELLE;corvetto residence porto di mare;1,00;1;200,00;0;Residence
VIA;OZANAM FEDERICO;12,00;2143.0;3,00;40,00;"3;8;7;6";3 STELLE;hotel napoleon;6,00;"T;1;2;3;4;5";68,00;"5;13;12;11";Hotel
VIA;PAGANINI NICCOLO';6,00;2238.0;3,00;8,00;8;1 STELLA;hotel paganini;1,00;1;23,00;23;Hotel
VIA;PAGANINI NICCOLO';7,00;2238.0;3,00;18,00;18;3 STELLE;HOTEL DORE';1,00;1;39,00;39;Hotel
VIA;PALADINI ETTORE;7,00;3236.0;3,00;63,00;"8;7;4";3 STELLE;residence bianca croce;9,00;"R;1;2;3;4;5;6;7;8";115,00;"14;13;5";Residence
VIA;PALAZZI LAZZARO;18,00;2171.0;3,00;79,00;"3;15;15;15;11;4;0";4 STELLE;hotel sanpi;6,00;"T;1;2;3;4;5;";160,00;"6;26;26;26;25;10;0";Hotel
VIA;PALLADIO ANDREA;8,00;4213.0;5,00;48,00;"7;2;10;5;11;4";1 STELLA;albergo palladio;7,00;"T;1;2;3;4;5;6";82,00;"11;3;18;10;4";Hotel
VIA;PALMIERI NICOLA;64,00;5323.0;5,00;23,00;23;3 STELLE;hotel autosole 2;1,00;1;46,00;46;Hotel
VIA;PANIZZA BARTOLOMEO;5,00;6208.0;7,00;16,00;0;3 STELLE;hotel panizza;1,00;1;32,00;0;Hotel
VIA;PANTANO;8,00;334.0;1,00;38,00;0;4 STELLE;residence vip s;1,00;1;99,00;0;Residence
VIA;PAPI LAZZARO;18,00;4071.0;4,00;36,00;"2;3;10;10;10";3 STELLE;hotel di porta romana;5,00;"1;3;4;5;6";67,00;"3;5;14;14;14";Hotel
VIA;PECCHIO GIUSEPPE;2,00;2240.0;3,00;26,00;0;4 STELLE;hotel del corso;1,00;1;45,00;0;Hotel
VIA;PELLIZZONE ANDREA;12,00;3314.0;3,00;34,00;"4;6;12;6;6";3 STELLE;majorca;5,00;"T;1;2;3;4";53,00;"9;10;18;10;6";Hotel
VIA;PERUGINO;12,00;3198.0;4,00;32,00;"5;6;6;6";3 STELLE;hotel perugino;4,00;"1;2;3;4";54,00;"7;7;10;10";Hotel
VIA;PESTALOZZA ALESSANDRO;28,00;2248.0;3,00;13,00;"2;4;4;3";2 STELLE;hotel piola;4,00;"T;1;2;3";25,00;"3;8;8;6";Hotel
VIA;PIACENZA;4,00;4064.0;5,00;24,00;"3;21";3 STELLE;hotel piacenza;2,00;"R;1";34,00;"4;30";Hotel
VIA;PICCINNI NICOLA;25,00;2236.0;3,00;11,00;11;1 STELLA;hotel san marco;1,00;1;24,00;24;Hotel
VIA;PIERLUIGI GIOVANNI DA PALESTRINA;30,00;not specified;2,00;45,00;"20;19;6";2 STELLE;hotel virgilio;3,00;"5;6;7";63,00;"32;25;6";Hotel
VIA;PIERO DELLA FRANCESCA;39,00;7188.0;8,00;24,00;7;3 STELLE;hotel losanna;1,00;2;47,00;10;Hotel
VIA;PIERO DELLA FRANCESCA;48,00;7188.0;8,00;25,00;"5;8;8;4";2 STELLE;hotel parma;4,00;"R;1;2;3";40,00;"6;22;22;4";Hotel
VIA;PIERO DELLA FRANCESCA;60,00;7188.0;8,00;31,00;0;3 STELLE;piccolo hotel;1,00;1;53,00;0;Hotel
VIA;PIERO DELLA FRANCESCA;4,00;not specified;8,00;10,00;0;2 STELLE;locanda gelsomina;1,00;1;25,00;0;Hotel
VIA;PIRELLI GIOVANNI BATTISTA;5,00;1195.0;2,00;10,00;0;2 STELLE;hotel stazione;1,00;1;23,00;0;Hotel
VIA;PIRELLI GIOVANNI BATTISTA;5,00;1195.0;2,00;69,00;"10;16;16;16;13";3 STELLE;hotel new york;5,00;"2;3;4;5;6";132,00;"15;29;29;29;16";Hotel
VIA;PIRELLI GIOVANNI BATTISTA;7,00;1195.0;2,00;52,00;0;4 STELLE;auriga;1,00;1;91,00;0;Hotel
VIA;PLINIO CAIO SECONDO;22,00;2144.0;3,00;14,00;14;1 STELLA;ambrosiana;1,00;1;22,00;22;Hotel
VIA;PLINIO CAIO SECONDO;22,00;2144.0;3,00;16,00;0;1 STELLA;ambrosiana;1,00;1;22,00;0;Hotel
VIA;PLINIO CAIO SECONDO;2,00;2144.0;3,00;43,00;"7;7;7;11;4";3 STELLE;hotel demidoff;5,00;"1;2;3;4;5";65,00;"10;10;10;16;4";Hotel
VIA;POERIO CARLO;32,00;3181.0;3,00;13,00;"2;5;5;2";1 STELLA;albergo poerio;4,00;"T;1;2;3";20,00;"4;7;7;2";Hotel
VIA;POLA;4,00;1156.0;2,00;39,00;39;4 STELLE;residence pola;1,00;1;52,00;52;Residence
VIA;POLIZIANO;11,00;7196.0;8,00;100,00;"16;16;16;16;11;11;7;7";4 STELLE;hotel poliziano fiera;8,00;"1;2;3;4;5;6;7;8";204,00;"32;32;32;32;22;22;16;16";Hotel
VIA;POLONIA;10,00;7505.0;8,00;162,00;162;4 STELLE;the hub;1,00;1;306,00;306;Hotel
VIA;POMPONAZZI PIETRO;3,00;5246.0;5,00;7,00;7;3 STELLE;residenza chiaralba;1,00;1;14,00;14;Residence
VIA;PONTE SEVESO;38,00;1203.0;2,00;47,00;0;3 STELLE;hotel terminal;1,00;1;95,00;0;Hotel
VIA;PORLEZZA;4,00;611.0;1,00;36,00;0;3 STELLE;hotel genius down town;1,00;1;60,00;0;Hotel
VIA;PORPORA NICOLA ANTONIO;132,00;2229.0;3,00;7,00;7;1 STELLA;hotela alba;1,00;1;12,00;12;Hotel
VIA;PORPORA NICOLA ANTONIO;143,00;2229.0;3,00;10,00;0;1 STELLA;hotel chopin;1,00;1;21,00;0;Hotel
VIA;PORPORA NICOLA ANTONIO;16,00;2229.0;3,00;10,00;"3;4";1 STELLA;paola;3,00;"R;1;2";24,00;"4;7";Hotel
VIA;PORPORA NICOLA ANTONIO;170,00;2229.0;3,00;11,00;"1;4";2 STELLE;albergo iride;3,00;"T;1;2";19,00;"2;7";Hotel
VIA;PORPORA NICOLA ANTONIO;18,00;2229.0;3,00;11,00;"3;4;4";2 STELLE;hotel nizza;3,00;"R;1;2";23,00;"4;7;6";Hotel
VIA;PORPORA NICOLA ANTONIO;52,00;2229.0;3,00;10,00;"3;3;2";1 STELLA;pensione oriente;3,00;"T;1;2";19,00;"6;6;3";Hotel
VIA;PORPORA NICOLA ANTONIO;56,00;2229.0;3,00;18,00;"4;6;2";3 STELLE;hotel etrusco;4,00;"R;1;2;3";21,00;"4;7;3";Non Specificato
VIA;PORPORA NICOLA ANTONIO;87,00;2229.0;3,00;18,00;18;1 STELLA;hotel ca  grande;1,00;1;21,00;21;Hotel
VIA;PORRO EDOARDO;8,00;1226.0;9,00;13,00;13;3 STELLE;hotel ares;1,00;1;21,00;21;Hotel
VIA;PRATI GIOVANNI;6,00;7149.0;8,00;31,00;"1;10;10;10";3 STELLE;hotel johnny;4,00;"T;1;2;3";69,00;"2;16;36;36";Hotel
VIA;PRINCIPE EUGENIO;45,00;7223.0;8,00;10,00;10;2 STELLE;mary hotel fiera;1,00;1;25,00;25;Hotel
VIA;QUARNERO;4,00;6263.0;7,00;11,00;"1;5;5";1 STELLA;amalfi;3,00;"R;1;2";24,00;"3;8;9";Hotel
VIA;RANCATI ILARIONE;3,00;2321.0;2,00;45,00;"9;9;9;9;9";3 STELLE;residence loreto;5,00;"1;2;3;4;5";80,00;"16;16;16;16;16";Residence
VIA;REINA FRANCESCO;18,00;3255.0;4,00;11,00;11;1 STELLA;san giovanni;1,00;1;20,00;20;Hotel
VIA;RENZO E LUCIA;14,00;5412.0;5,00;53,00;53;3 STELLE;hotel dei fiori;3,00;"1;2;3";108,00;108;Hotel
VIA;RICORDI GIOVANNI;10,00;2251.0;3,00;23,00;"4;8;4;4;3";3 STELLE;hotel adler;5,00;"T;1;2;3;4";43,00;"8;13;5;5;4";Hotel
VIA;RICORDI GIOVANNI;14,00;2251.0;3,00;9,00;9;1 STELLA;pensione cuba;1,00;1;14,00;14;Hotel
VIA;RICORDI GIOVANNI;20,00;2251.0;3,00;15,00;"3;4;4;4";1 STELLA;hotel malta;4,00;"R;1;2;3";24,00;"6;6;6;6";Hotel
VIA;RIPAMONTI GIUSEPPE;102,00;4066.0;5,00;18,00;0;2 STELLE;apollo;1,00;1;40,00;0;Hotel
VIA;RIPAMONTI GIUSEPPE;134,00;4066.0;5,00;28,00;28;2 STELLE;hotel liguria;1,00;1;51,00;51;Hotel
VIA;ROSSI PELLEGRINO;59,00;1510.0;9,00;21,00;0;1 STELLA;hotel salus;1,00;1;36,00;0;Hotel
VIA;ROVELLO;10,00;722.0;1,00;24,00;0;3 STELLE;hotel giulio cesare;1,00;1;34,00;0;Hotel
VIA;ROVELLO;3,00;722.0;1,00;29,00;"10;10;9";2 STELLE;hotel london;3,00;"1;2;3";49,00;"12;12;9";Hotel
VIA;RUBENS PIETRO;21,00;6597.0;7,00;87,00;"19;11";4 STELLE;hotel rubens;5,00;"1;2;3;4;5";150,00;"29;25";Hotel
VIA;RUTILIA;6,00;4229.0;5,00;23,00;"9;14";2 STELLE;hotel garden;2,00;"R;1";48,00;"13;27";Hotel
VIA;SACCHINI ANTONIO GASPARE;17,00;2252.0;3,00;18,00;"3;7;6";2 STELLE;sara;3,00;"T;1;2";36,00;"3;12;10";Hotel
VIA;SACCHINI ANTONIO GASPARE;19,00;2252.0;3,00;10,00;"1;5;4";1 STELLA;villa mira;3,00;"T;1;2";18,00;"2;8;8";Hotel
VIA;SALDINI CESARE;24,00;3206.0;3,00;45,00;45;3 STELLE;hotel citta  studi;1,00;1;79,00;79;Hotel
VIA;SAMMARTINI GIOVANNI BATTISTA;15,00;1202.0;2,00;17,00;17;1 STELLA;hotel central station;1,00;1;25,00;25;Hotel
VIA;SAMMARTINI GIOVANNI BATTISTA;15,00;1202.0;2,00;18,00;0;2 STELLE;hotel ada;1,00;1;25,00;0;Hotel
VIA;SANGIORGIO ABBONDIO;16,00;7138.0;1,00;30,00;0;3 STELLE;hotel lancaster;1,00;1;65,00;0;Hotel
VIA;SAN MAMETE;12,00;2413.0;2,00;13,00;13;1 STELLA;hotel convertini;1,00;1;28,00;28;Hotel
VIA;SAN RAFFAELE;3,00;207.0;1,00;64,00;0;4 STELLE;straf;1,00;1;118,00;0;Hotel
VIA;SAN RAFFAELE;6,00;207.0;1,00;21,00;0;5 STELLE;the gray;1,00;1;32,00;0;Hotel
VIA;SANTA MARIA FULCORINA;15,00;630.0;1,00;25,00;"7;7;7;4";3 STELLE;hotel nuovo biscione;4,00;"1;2;3;4";34,00;"10;10;10;4";Hotel
VIA;PELLICO SILVIO;8,00;not specified;1,00;18,00;0;1 STELLA;town house galleria;1,00;1;25,00;0;Hotel
VIA;SANTA SOFIA;10,00;408.0;1,00;158,00;158;4 STELLE;UPTOWN PALACE;1,00;1;318,00;318;Hotel
VIA;SANTA SOFIA;16,00;408.0;1,00;35,00;0;3 STELLE;hotel canada;1,00;1;78,00;0;Hotel
VIA;SAN TOMASO;8,00;723.0;1,00;11,00;11;4 STELLE;Non Specificato;1,00;1;22,00;22;Hotel
VIA;SARONNO;5,00;7202.0;8,00;15,00;"4;4;4;2";1 STELLA;hotel mignon;4,00;"1;2;3;4";24,00;"6;6;6;2";Hotel
VIA;SCARLATTI DOMENICO;22,00;2136.0;3,00;104,00;104;3 STELLE;hotel cristallo;1,00;1;223,00;223;Hotel
VIA;SCARLATTI DOMENICO;24,00;2136.0;2,00;78,00;"3;22;21;22;22";4 STELLE;andreola;5,00;"T;1;2;3;4";155,00;"4;34;34;33;33";Hotel
VIA;SCARLATTI DOMENICO;32,00;2136.0;2,00;68,00;68;4 STELLE;hotel bristol;1,00;1;116,00;116;Hotel
VIA;SCARLATTI DOMENICO;33,00;2136.0;2,00;305,00;"10;37;25;25;27;27;14;14;14;14";4 STELLE;hotel michelangelo;17,00;"1;2;3;4;5;6;7;8;9;0";538,00;"15;68;33;40;48;48;26;26;26;26";Hotel
VIA;SCIALOIA VITTORIO;3,00;1086.0;9,00;60,00;0;3 STELLE;hotel la residenza;1,00;1;100,00;0;Hotel
VIA;SENATO;5,00;236.0;1,00;93,00;0;5 STELLE;carlton hotel baglioni;1,00;1;186,00;0;Hotel
VIA;SENIGALLIA;6,00;1708.0;9,00;298,00;"40;0;40;40;40;63;56;56;28";4 STELLE;leonardo da vinci;8,00;"1;;2;3;4;5;6;7;8";864,00;"118;0;118;118;118;130;130;130;64";Hotel
VIA;SENIGALLIA;6,00;1708.0;9,00;423,00;423;4 STELLE;il leonardo da vinci;1,00;1;922,00;922;Residence
VIA;SETTALA LODOVICO;56,00;2111.0;3,00;7,00;"1;4;2";1 STELLA;hotel da xin;3,00;"T;1;2";11,00;"2;6;3";Hotel
VIA;SETTALA LODOVICO;76,00;2111.0;3,00;20,00;"3;4";2 STELLE;hotel charly;3,00;"T;1;2";34,00;"6;8;4";Hotel
VIA;SFORZA ASCANIO;73,00;5201.0;5,00;15,00;"3;12";2 STELLE;hotel mercurio;2,00;"R;1";25,00;"6;19";Hotel
VIA;SFORZA ASCANIO;81,00;5201.0;5,00;15,00;15;2 STELLE;albergo marte;1,00;1;25,00;25;Hotel
VIA;SIGIERI GOFFREDO;3,00;4080.0;4,00;19,00;19;3 STELLE;residence sigieri;1,00;1;24,00;24;Residence
VIA;SILVA GUGLIELMO;12,00;6400.0;8,00;96,00;"0;12";4 STELLE;mini hotel portello;4,00;"1;2;3;4";202,00;"0;23;12";Hotel
VIA;SIRACUSA;5,00;4032.0;1,00;48,00;"6;6;6;4";4 STELLE;residence bocconi;4,00;"T;1;2;3";97,00;"15;31;31;17";Residence
VIA;SIRTE;9,00;6116.0;6,00;94,00;"7;8;8;8;8;8";3 STELLE;hotel des etranger s;6,00;"1;2;3;4;5;6";159,00;"13;14;14;14;14;13";Hotel
VIA;SIRTORI GIUSEPPE;24,00;2180.0;3,00;60,00;60;3 STELLE;eurohotel;1,00;1;101,00;101;Non Specificato
VIA;SOPERGA;19,00;2262.0;2,00;11,00;0;1 STELLA;hotel valley;1,00;1;22,00;0;Hotel
VIA;SOPERGA;24,00;2262.0;2,00;78,00;0;3 STELLE;hotel soperga;1,00;1;134,00;0;Non Specificato
VIA;SOTTOCORNO PASQUALE;8,00;3152.0;4,00;13,00;13;2 STELLE;hotel dover;1,00;1;24,00;24;Hotel
VIA;SPADARI;11,00;518.0;1,00;40,00;"7;7;6;6;5;5;4";4 STELLE;spadari al duomo;7,00;"1;2;3;4;5;6;7";99,00;"15;15;14;14;11;9;7";Hotel
VIA;SPALLANZANI LAZZARO;27,00;2153.0;3,00;28,00;28;3 STELLE;hotel teco;1,00;1;80,00;80;Non Specificato
VIA;SPALLANZANI LAZZARO;40,00;2153.0;3,00;207,00;"24;29;9";4 STELLE;starhotels ritz;8,00;"1;2;3;4;5;6;7;8";386,00;"44;54;18";Hotel
VIA;SPEZIA;25,00;5268.0;5,00;76,00;0;4 STELLE;mini hotel la spezia;1,00;1;128,00;0;Hotel
VIA;SPINOLA AMBROGIO;9,00;6369.0;8,00;29,00;0;3 STELLE;HOTEL FIERA CONGRESSI;1,00;1;53,00;0;Hotel
VIA;SPONTINI GASPARE;6,00;2141.0;3,00;17,00;"0;6;6";1 STELLA;albergo del sole;2,00;";1;2";40,00;"0;19;19";Hotel
VIA;STAMIRA D'ANCONA;27,00;2337.0;2,00;167,00;167;4 STELLE;ramada plaza milano;1,00;1;334,00;334;albergo
VIA;TADINO ALESSANDRO;27,00;2109.0;3,00;22,00;"3;3;8;8";1 STELLA;hotel nettuno;4,00;"T;A;1;2";53,00;"6;6;12;12";Hotel
VIA;TARCHETTI IGINIO UGO;2,00;1060.0;1,00;282,00;0;4 STELLE;jolly touring;1,00;1;577,00;0;Hotel
VIA;TAZZOLI ENRICO;2,00;1118.0;9,00;160,00;0;4 STELLE;hotel ac milano;1,00;1;320,00;0;Hotel
VIA;TAZZOLI ENRICO;7,00;1118.0;9,00;35,00;23;4 STELLE;hotel hua xia milano;1,00;1;41,00;24;Hotel
VIA;TENCA CARLO;11,00;2118.0;2,00;27,00;0;3 STELLE;tencaresidence;1,00;1;92,00;0;Residence
VIA;TENCA CARLO;12,00;2118.0;2,00;19,00;19;1 STELLA;hotel verona;1,00;1;25,00;25;Hotel
VIA;TENCA CARLO;21,00;2118.0;2,00;52,00;0;4 STELLE;hotel mythos;1,00;1;79,00;0;Hotel
VIA;TEODOSIO;37,00;2550.0;3,00;8,00;0;1 STELLA;hotel galla;1,00;1;15,00;0;Hotel
VIA;TITO LIVIO;4,00;4086.0;4,00;40,00;0;3 STELLE;mec hotel;1,00;1;71,00;0;Hotel
VIA;TIZIANO VECELLIO;6,00;6380.0;8,00;54,00;"18;18;18";4 STELLE;mini hotel tiziano;3,00;"1;2;3";84,00;"34;25;25";Hotel
VIA;TOFFETTI VINCENZO;4,00;4188.0;4,00;26,00;"9;9;8";3 STELLE;hotel mistral;3,00;"1;2;3";49,00;"18;18;13";Hotel
VIA;TONALE;14,00;1213.0;2,00;28,00;"3;7";3 STELLE;hotel demo;3,00;"T;1;2";58,00;"4;11";Hotel
VIA;TONALE;2,00;1213.0;2,00;62,00;"15;15;15;13;4";3 STELLE;hotel albert;5,00;"1;2;3;4;5";102,00;"26;26;26;19;5";Hotel
VIA;TORRAZZA;15,00;7360.0;8,00;15,00;15;2 STELLE;hotel bonola;1,00;1;25,00;25;Hotel
VIA;TORRIANI NAPO;14,00;2126.0;2,00;62,00;"8;12;11;11;9;7;7";3 STELLE;hotel mennini;7,00;"1;2;3;4;5;6;7";122,00;"14;20;19;19;18;12;10";Hotel
VIA;TORRIANI NAPO;15,00;2126.0;2,00;59,00;"8;8;8;8;7;7;7;5;4";3 STELLE;hotel canova;9,00;"1;2;3;4;5;6;7;8;9";127,00;"10;10;10;10;11;11;11;9;8";Hotel
VIA;TORRIANI NAPO;17,00;2126.0;2,00;16,00;0;3 STELLE;dependance hotel berna;1,00;1;24,00;0;Hotel
VIA;TORRIANI NAPO;18,00;2126.0;2,00;122,00;"10;21";4 STELLE;HOTEL BERNA;6,00;"R;1;2;3;4;5";197,00;"13;31;33;32";Hotel
VIA;TORRIANI NAPO;21,00;2126.0;2,00;56,00;"5;11;12;12;11;6";3 STELLE;hotel garda;6,00;"T;1;2;3;4;5";98,00;"8;19;19;19;19;9";Hotel
VIA;TORRIANI NAPO;23,00;2126.0;2,00;50,00;"9;9;9;9;9;4";3 STELLE;flora;6,00;"1;2;3;4;5;6";83,00;"15;15;15;15;15;7";Hotel
VIA;TORRIANI NAPO;24,00;2126.0;2,00;62,00;"8;11;10";4 STELLE;hotel atlantic;6,00;"1;2;3;4;5;6";91,00;"13;16;14";Hotel
VIA;TORRIANI NAPO;27,00;2126.0;2,00;44,00;0;3 STELLE;hotel bernina;1,00;1;75,00;0;Hotel
VIA;TORRIANI NAPO;28,00;2126.0;2,00;71,00;71;3 STELLE;IDEA HOTEL MILANO CENTRALE;1,00;1;98,00;98;Hotel
VIA;TORRIANI NAPO;29,00;2126.0;2,00;56,00;"9;7;4;6;3;9;9;9";3 STELLE;hotel augustus;8,00;"4;5;6;S;R;1;2;3";93,00;"15;11;5;10;7;15;15;15";Hotel
VIA;TORTONA;35,00;5124.0;6,00;244,00;0;4 STELLE;hotel nhow;1,00;1;484,00;0;Hotel
VIA;TRIESTE;15,00;6261.0;7,00;10,00;10;2 STELLE;my hotel milano;1,00;1;12,00;12;Hotel
VIA;TRIVULZIO ANTONIO TOLOMEO;8,00;6277.0;7,00;68,00;0;4 STELLE;r.t.a. atahotel de angeli;1,00;1;192,00;0;Residence
VIA;UGOLINI GIUSEPPE;21,00;not specified;9,00;8,00;8;2 STELLE;hotel greco;1,00;1;20,00;20;Hotel
VIA;VALLAZZE;14,00;2250.0;3,00;13,00;13;1 STELLA;vallazze;1,00;1;22,00;22;albergo
VIA;VALLAZZE;39,00;2250.0;3,00;19,00;19;1 STELLA;hotel montecarlo;1,00;1;32,00;32;Hotel
VIA;VALVASSORI PERONI CARLO;85,00;2580.0;3,00;58,00;"8;7";3 STELLE;hotel gamma;7,00;"1;2;3;4;5;6;7";99,00;"14;9";Hotel
VIA;VARE' GIOVANNI BATTISTA;32,00;1245.0;9,00;36,00;36;3 STELLE;hotel valganna;1,00;1;72,00;72;Hotel
VIA;VENEZIA GIULIA;9,00;7500.0;8,00;115,00;115;4 STELLE;Non Specificato;1,00;1;230,00;230;Hotel
VIA;VENINI GIULIO E CORRADO;59,00;2258.0;2,00;10,00;10;1 STELLA;hotel siro;1,00;1;21,00;15;Hotel
VIA;VIGEVANO;13,00;5116.0;6,00;75,00;75;3 STELLE;la darsena;4,00;"1;2;3;4";204,00;204;Residence
VIA;VILLAPIZZONE;24,00;7272.0;8,00;250,00;259;4 STELLE;radisson blu hotel milan;1,00;1;500,00;518;Hotel
VIA;VITRUVIO;18,00;2134.0;3,00;19,00;8;2 STELLE;hotel salerno;1,00;1;39,00;16;Hotel
VIA;VITRUVIO;20,00;2134.0;3,00;17,00;0;2 STELLE;hotel eden;2,00;"1;2";32,00;0;Hotel
VIA;VITRUVIO;24,00;2134.0;3,00;17,00;"4;4;5";2 STELLE;hotel mondial;3,00;"T;1;2";29,00;"6;8;7";Hotel
VIA;VITRUVIO;28,00;2134.0;3,00;14,00;0;2 STELLE;hotel 2000;1,00;1;25,00;0;Hotel
VIA;VITRUVIO;29,00;2134.0;3,00;18,00;"3;6;6;3";3 STELLE;hotel mazzini;4,00;"T;1;2;3";30,00;"9;10;10;5";Hotel
VIA;VITRUVIO;43,00;2134.0;2,00;28,00;0;3 STELLE;gonzaga;1,00;1;67,00;0;albergo
VIA;VITRUVIO;48,00;2134.0;3,00;83,00;0;3 STELLE;hotel amadeus;1,00;1;150,00;0;Hotel
VIA;WASHINGTON GIORGIO;42,00;6111.0;7,00;12,00;"4;4;4";1 STELLA;villa giovanna;3,00;"1;2;M";16,00;"6;6;4";Hotel
VIA;WASHINGTON GIORGIO;66,00;6111.0;7,00;323,00;"52;52;52;52;52;52;11";4 STELLE;marriot hotel;7,00;"1;2;3;4;5;6;7";646,00;"104;104;104;104;104;104;22";Hotel
VIA;WATT GIACOMO;13,00;5292.0;6,00;87,00;87;4 STELLE;idea hotel milano watttredici;1,00;1;169,00;169;Hotel
VIALE;ABRUZZI;67,00;2177.0;3,00;20,00;20;3 STELLE;domus;1,00;1;36,00;36;Residence
VIALE;ARGONNE;14,00;3254.0;4,00;19,00;"6;8;2;4";3 STELLE;albergo susa;4,00;"2;3;T;1";37,00;"9;8;8;5";Hotel
VIALE;BERENGARIO;3,00;6364.0;8,00;27,00;27;3 STELLE;hotel campion;3,00;"1;2;3";51,00;49;Hotel
VIALE;BLIGNY;23,00;4045.0;5,00;84,00;"15;15;15;9;9;9;7";4 STELLE;hotel d este;7,00;"1;2;3;4;5;6;7";138,00;"26;26;25;14;14;14;14";Hotel
VIALE;BLIGNY;56,00;4045.0;5,00;58,00;"8;10;4";4 STELLE;hotel liberty;6,00;"1;2;3;4;5;6";106,00;"18;7";Hotel
VIALE;CERTOSA;108,00;7174.0;8,00;126,00;"35;34;24;21";4 STELLE;hotel raffaello;5,00;"1;2;3;4;5";223,00;"55;54;43;38;29";Hotel
VIALE;CERTOSA;26,00;7174.0;8,00;25,00;25;3 STELLE;hotel certosa;1,00;1;50,00;50;Hotel
VIALE;CERTOSA;68,00;7174.0;8,00;66,00;0;4 STELLE;hotel accademia;1,00;1;130,00;0;Hotel
VIALE;CERTOSA;88,00;7174.0;8,00;27,00;27;3 STELLE;albergo accursio;1,00;1;39,00;39;Hotel
VIALE;DEI MILLE;24,00;3115.0;3,00;11,00;"3;4;4";1 STELLA;pensione capri;3,00;"T;1;2";20,00;"5;8;4";Hotel
VIALE;DEI MILLE;48,00;3115.0;3,00;10,00;0;1 STELLA;hotel aladin;1,00;1;17,00;0;Hotel
VIALE;DEI MILLE;48,00;3115.0;3,00;14,00;14;1 STELLA;doria suisse;4,00;"1;2;3;4";20,00;20;Hotel
VIALE;DEI MILLE;48,00;3115.0;3,00;14,00;14;1 STELLA;exellent;1,00;1;16,00;16;Hotel
VIALE;DEI MILLE;60,00;3115.0;3,00;22,00;"4;6;4";3 STELLE;hotel ideale;3,00;"R;1;2";40,00;"5;9;6";Hotel
VIALE;DORIA ANDREA;22,00;2230.0;3,00;124,00;"12;22;22;22;22;22;22;22;22;22";4 STELLE;doria grand hotel;10,00;"1;2;3;4;5;6;7;8;9;0";234,00;"23;23;23;23;23;23;23;23;23;23";Hotel
VIALE;DORIA ANDREA;4,00;2230.0;2,00;143,00;143;4 STELLE;starhotels E.C.H.O.;7,00;"1;2;3;4;5;6;7";299,00;299;Hotel
VIALE;ESPINASSE CARLO;22,00;7390.0;8,00;10,00;"0;4;4";1 STELLA;sorrento;3,00;";1;2";20,00;"0;7;7";Hotel
VIALE;FAENZA;12,00;5350.0;6,00;8,00;8;1 STELLA;HOTEL FAENZA;1,00;1;20,00;20;Hotel
VIALE;FAMAGOSTA;48,00;5353.0;6,00;54,00;"22;22;10";4 STELLE;green house residence;3,00;"R;1;3";97,00;"38;38;21";Residence
VIALE;FAMAGOSTA;50,00;5353.0;6,00;45,00;0;3 STELLE;green house;1,00;1;92,00;0;Hotel
VIALE;ISONZO;14,00;4211.0;5,00;172,00;0;4 STELLE;grand visconti palace;1,00;1;388,00;0;Hotel
VIALE;ISONZO;2,00;4211.0;5,00;60,00;0;4 STELLE;hotel mayor;8,00;"1;2;3;4;5;6;7;8";120,00;0;Hotel
VIALE;LOMBARDIA;20,00;2400.0;3,00;14,00;14;3 STELLE;OASI VILLAGE HOTEL;1,00;1;25,00;25;Hotel
VIALE;LOMBARDIA;55,00;2400.0;3,00;28,00;0;3 STELLE;HOTEL SAN FRANCISCO;1,00;1;55,00;0;Hotel
VIALE;LOMBARDIA;59,00;2400.0;3,00;11,00;0;1 STELLA;hotel acapulco;1,00;1;18,00;0;Hotel
VIALE;LOMBARDIA;74,00;2400.0;3,00;96,00;96;3 STELLE;albergo lombardia;1,00;1;157,00;157;Hotel
VIALE;MONTE GRAPPA;12,00;1101.0;9,00;65,00;65;4 STELLE;maison moschino;1,00;1;135,00;135;Hotel
VIALE;MONZA;120,00;2274.0;2,00;15,00;0;3 STELLE;hotel nuovo metro;1,00;1;25,00;0;Hotel
VIALE;MONZA;132,00;2274.0;2,00;120,00;"27;27;12;12;12;12;12;6";4 STELLE;hotel concorde;8,00;"1;2;3;4;5;6;7;8";254,00;"45;45;30;30;30;30;30;14";Hotel
VIALE;MONZA;139,00;2274.0;2,00;89,00;"9;9;9;9;9;9;3";4 STELLE;residence atahotel linea uno;7,00;"1;2;3;4;5;6;7";254,00;"20;20;20;20;20;20;6";Residence
VIALE;MURILLO S.B.;22,00;6551.0;7,00;25,00;"9;10;6";2 STELLE;murillo;3,00;"T;1;2";46,00;"17;17;10";Hotel
VIALE;MURILLO S.B.;9,00;6551.0;7,00;72,00;72;4 STELLE;astoria;1,00;1;120,00;120;Hotel
VIALE;PAPINIANO;14,00;5097.0;1,00;52,00;"13;13;13;13";3 STELLE;hotel sant ambreus;4,00;"1;2;3;4";84,00;"21;21;21;21";Hotel
VIALE;PIAVE;42,00;2179.0;3,00;105,00;105;4 STELLE;hotel sheraton diana majestic;1,00;1;205,00;205;Hotel
VIALE;PIAVE;5,00;2179.0;1,00;12,00;0;2 STELLE;atena;1,00;1;24,00;0;Hotel
VIALE;PICENO;33,00;3114.0;4,00;17,00;17;2 STELLE;hotel dateo;1,00;1;33,00;33;Hotel
VIALE;SABOTINO;16,00;4046.0;5,00;13,00;0;2 STELLE;hotel arco romana;1,00;1;25,00;0;Non Specificato
VIALE;STURZO DON LUIGI;45,00;1704.0;9,00;420,00;70;4 STELLE;atahotel executive;6,00;"1;2;3;4;5;6";792,00;140;Hotel
VIALE;SUZZANI GIOVANNI;13,00;1446.0;9,00;172,00;"30;11";4 STELLE;novotel milano nord;7,00;"1;2;3;4;5;6;7";344,00;"60;22";Hotel
VIALE;SUZZANI GIOVANNI;13,00;not specified;9,00;131,00;33;3 STELLE;hotel ibis milano ca  granda;4,00;"1;2;3;4";262,00;66;Hotel
VIALE;TESTI FULVIO;300,00;1441.0;9,00;140,00;"15;15;15;15;15;9";4 STELLE;starhotels tourist;6,00;"R;1;2;3;4;5";250,00;"29;29;29;29;29;9";Hotel
VIALE;TUNISIA;6,00;2121.0;3,00;12,00;0;1 STELLA;hotel san tomaso;1,00;1;25,00;0;Hotel
VIALE;TUNISIA;6,00;2121.0;3,00;13,00;16;1 STELLA;hotel kennedy;1,00;6;23,00;23;Hotel
VIALE;TUNISIA;9,00;2121.0;3,00;50,00;"3;6;9;9;9";4 STELLE;st. george hotel;5,00;"A;1;2;3;4";99,00;"5;16;26;26;26";Hotel
VIALE;VITTORIO VENETO;30,00;2107.0;2,00;15,00;15;2 STELLE;hotel casa mia;1,00;1;25,00;25;Hotel
VIALE;ZARA;1,00;1170.0;9,00;32,00;32;4 STELLE;casa albergo residence zara lagosta;1,00;1;64,00;64;Residence
VIALE;ZARA;89,00;1170.0;9,00;22,00;"12;7;4";3 STELLE;hotel gala;3,00;"R;1;2";35,00;"20;12;7";Hotel
